fsn,cms_vertical,image_url,generated_prompt
ACCH3GDUUYF3ARTU,keyboard,http://img.fkcdn.com/image/xif0q/keyboard/laptop-keyboard/h/6/v/14s-dk0076au-14s-dk0077au-14s-dk0078au-14s-dk0079au-regatech-original-imah3gdux8ngqqd5.jpeg,"A photo of a skilled technician's hands precisely installing a laptop's input device with the product shown in the image, a slim black keyboard featuring a 'regatech' logo on the spacebar and a silver metal back with a flexible blue-tipped ribbon cable, at a brightly lit professional electronics repair station."
AUDH4XCFR4GEVS3Z,audioplayer,http://img.fkcdn.com/image/xif0q/audioplayer/u/h/z/mini-pocket-digital-mp3-mp4-e-book-reading-music-player-15-years-original-imah4xcfzjgfh7y6.jpeg,"A photo of a young adult relaxing in a brightly lit park with the product, a vibrant hot pink digital music player featuring a large black rectangular screen and a white circular click wheel with a pink center button and 'MENU' text, shown in the image as their thumb navigates the wheel's tactile surface under the soft glow of natural afternoon sunlight."
HBMH76ZT66GWUNEY,h_b_massager,http://img.fkcdn.com/image/xif0q/shopsy-massager/r/t/i/skin-tightening-gua-sha-tool-cy-sales-original-imahyhr676dhgm4w.jpeg,"A photo of a woman with radiant skin in a bright, minimalist bathroom performing a professional facial massage with the product shown in the image—a set featuring a double-ended roller with large and small mottled green jade stones, a central jade handle, and polished gold-toned metal accents, alongside a heart-shaped green and white marbled jade gua sha tool—as she gently glides the large roller across her forehead and presses the curved edge of the gua sha to her jawline in soft, natural morning light."
USBH5TFPHZYWQHFT,usb_adaptor,http://img.fkcdn.com/image/xif0q/usb-adaptor/i/f/f/wireless-n-mini-usb-adapter-wi-fi-receiver-with-multi-device-original-imah5tfpdac5fzpj.jpeg,"A photo of a professional's hand carefully inserting into a laptop port a compact USB dongle, with the product featuring a polished silver metal connector with two square cutouts and a base composed of a thin red accent stripe above a matte black housing with four horizontal gray textured ridges on each side shown in the image, captured in soft, realistic office lighting that highlights the contact points between the fingertips and the device's grip."
EMGGZRTBY7H5XEN4,electric_meat_grinder,http://img.fkcdn.com/image/xif0q/mixer-grinder-juicer/i/8/e/stainless-steel-electric-meat-grinders-with-bowl-for-kitchen-original-imagwngfzmaguhej.jpeg,"A photo of a professional chef's hand pressing one of the two black control buttons on the tapered brushed stainless steel motor unit with the product's sleek silver-toned housing, clear plastic lid featuring integrated side handles, and matching cylindrical metal bowl shown in the image, as bright natural light glints off its metallic surfaces in a modern kitchen setting."
MOBH8YYW5JZV5YCB,mobile,http://img.fkcdn.com/image/xif0q/mobile/f/j/g/a16-a16-yxtel-original-imah8yxxahutwgzy.jpeg,"A photo of a business professional holding the charcoal grey YXTEL A16 feature phone, with the product's white-bordered display and prominent gold-rimmed circular button shown in the image, as they press a key on the matte numeric keypad under soft, professional lighting."
SELH698VMHJGZYGS,selector_box,http://img.fkcdn.com/image/xif0q/selector-box/z/j/h/chromecast-ultra-4k-streaming-device-with-hdr-and-fast-wi-fi-original-imah698uzemqvz56.jpeg,"A photo of a professional tech installer's hand carefully plugging into the back of a sleek television with the product, a matte black circular wireless display receiver featuring a distinctive central glossy spiral-shutter logo and an integrated short, flat black HDMI cable, shown in the image as their fingers grip the matte textured body while the silver connector makes contact with the port under soft, warm ambient lighting."
ACCHFVHDJXWT9EDE,tripod,http://img.fkcdn.com/image/xif0q/tripod/tripod/n/1/i/adjustable-tripod-and-selfie-stick-with-bluetooth-connectivity-original-imahfvhbyshyy7yb.jpeg,"A photo of a professional travel influencer on a sun-drenched beach at sunset with the product, a black and silver metallic telescopic selfie stick tripod featuring an integrated rectangular LED fill light and a detachable wireless remote shown in the image, held firmly by its textured ergonomic handle while the bright light illuminates their face for a high-quality vlog recording."
ACNGWEQUDZRJGGUT,air_conditioner_new,http://img.fkcdn.com/image/xif0q/air-conditioner-new/l/p/p/-original-imagwvjzz7uxrpuz.jpeg,"A photo of a person's hand pressing a button on the black digital control panel with the product white LG DUAL Inverter window air conditioner shown in the image, featuring its signature dark gray horizontal slats and a yellow 24°C temperature display, installed in a modern, minimalist room bathed in soft, natural daylight."
TMRHFZX8GGXHGZZZ,trimmer,http://img.fkcdn.com/image/xif0q/trimmer/1/x/r/0-25-4-mm-string-trimmer-waterproof-device-with-multiple-original-imahfzx7mfewrxjj.jpeg,"A photo of a professional barber's hand precisely detailing a client's neckline in a high-end barbershop with the product shown in the image, an ornate antique-bronze metal hair clipper featuring a detailed dragon embossing on its cylindrical body, decorative geometric borders, and a gold-finished T-blade that catches the warm, focused lighting as it makes contact with the hair."
CMHGX8QBMUHCAEQ7,camera_housing,http://img.fkcdn.com/image/xif0q/camera-housing/k/5/g/6-t18163-ae-trueview-10-original-imagx8qb8nffq9yz.jpeg,"A photo of a tech-savvy professional in a minimalist home office carefully adjusting the tilt of a surveillance device with the product Trueview indoor security camera—a square-shaped matte black plastic device featuring rounded corners, a prominent central glass lens with iridescent purple reflections, a horizontal oval LED light, and a flexible articulated black stand—shown in the image as their fingertips rest on the side of the casing to position it on a wooden bookshelf under soft, natural morning light."
MOBGZFDWBNU6AM4U,mobile,http://img.fkcdn.com/image/xif0q/mobile/0/n/9/-original-imagzfeavnt7gp5x.jpeg,"A photo of a creative professional woman in a sun-drenched studio holding the lilac-colored OPPO F25 Pro 5G, which features a shimmering, marble-textured back panel and a prominent triple-lens Innovative AI Camera module, with her fingers resting along the slim metallic frame as she interacts with the expansive, bezel-less punch-hole display to frame a photograph."
USBH3DU7KYKAUP7S,usb_adaptor,http://img.fkcdn.com/image/xif0q/usb-adaptor/t/y/k/wireless-n-mini-usb-adapter-wifi-usb-mini-adapter-150-mbps-original-imah3du56qjapk44.jpeg,"A photo of a business professional’s hand delicately plugging the device into a modern laptop's side port, with the product's polished silver metal rectangular connector featuring two square cutouts and its compact matte black plastic base with horizontal side ribbing shown in the image, captured in a bright office setting with soft, clean lighting."
ADPGY9GNMKFQHPFD,anti_dust_plug,http://img.fkcdn.com/image/xif0q/speaker-mobile-mod/c/z/k/1-speaker-anti-dust-protector-sticker-short-5-long-5-pec-all-original-imagrta2p5uptquh.jpeg,"A photo of a person's hands in a brightly lit professional setting with the product black, pill-shaped, fine-mesh dust-proof stickers shown in the image being meticulously applied to the speaker ports of a silver smartphone, capturing the precise contact of a fingertip pressing the sticker into place."
ACCHF4MTSXVQKP8Y,speaker,http://img.fkcdn.com/image/xif0q/speaker/mobile-tablet-speaker/8/f/c/a2-m17vp-portable-bluetooth-speaker-dynamic-thunder-sound-auto-original-imahf4hxzfjcr6qg.jpeg,"A photo of a focused young man in a sleek modern office reaching out to adjust the position of a desktop speaker with the product featuring a thick black textured car tire casing, a ten-spoke silver chrome rim, and a black perforated mesh interior with a small central three-pronged propeller shown in the image, resting on a polished mahogany desk under soft natural morning light."
ACCH3NREJ85QZASD,data_cable,http://img.fkcdn.com/image/xif0q/data-cable/usb-type-c-cable/v/j/z/65w-charging-cable-type-c-to-type-c-stela-original-imah3ffvsjz35cmc.jpeg,"A photo of a designer's hand plugging the white plastic connector into a high-end laptop with the product, a thick red silicone USB-C to USB-C cable held in a tidy coil by three white plastic clips as shown in the image, resting on a minimalist wooden desk under bright professional office lighting."
ACCGXDG2AKFBCRG5,battery,http://img.fkcdn.com/image/xif0q/battery/lithium-ion/8/q/7/18650-battery-li-ion-3-7v-rechargeable-battery-cell-battery-for-original-imagxdfyf2ggxngz.jpeg,"A photo of a professional electronics technician's steady hand carefully inserting the product, a light blue cylindrical 18650 Li-ion battery featuring a metallic silver positive terminal and dark gray Li-ion battery lettering shown in the image, into a high-performance electronic device on a clean workbench under bright, clinical lighting that highlights the smooth texture of the battery's casing and the precise contact point with the fingertips."
TABH4FPGANAJYGHY,tablet,http://img.fkcdn.com/image/xif0q/tablet/j/r/i/-original-imah4m43efh4vzbz.jpeg,"A photo of a creative professional's hands using a precision stylus to sketch on the screen with the product, a sleek tablet featuring slim black bezels, rounded corners, and a vibrant, iridescent abstract wallpaper with ribbons of blue and orange light, shown in the image resting on a minimalist wooden desk in a sun-drenched studio where natural light catches its metallic edges."
INVGZZKRHBWURFZE,inverter,http://img.fkcdn.com/image/xif0q/inverter/n/c/6/solar-1100-12v-5-exide-original-imagznysvddm5kxt.jpeg,"A photo of a skilled technician in a bright solar installation workspace checking the interface with the product, a yellow and green Exide Pure Sine Wave Solar Hybrid UPS with a plastic body featuring horizontal molded side ridges and a central control panel with a digital LCD screen and green buttons, shown in the image as their hand makes contact with the yellow casing while their finger presses the green mode button under professional lighting."
WMRH3YHHZGHGXJ4Z,washing_machine_door_hinge,http://img.fkcdn.com/image/xif0q/washing-machine-door-hinge/q/8/2/ultrasonic-turbo-usb-turbine-wash-for-washing-cloths-xydrozen-original-imah3yjswgwp8hwg.jpeg,"A photo of a traveler in a bright, minimalist hotel bathroom with the product, a compact white plastic portable washing machine turbine featuring a five-blade impeller with small perforated holes and a side-mounted suction cup shown in the image, as their hand firmly presses the circular device against the inner wall of a water-filled porcelain sink under soft, natural morning light."
